"adult","budget","cast","genres","id","keywords","original_title","overview","popularity","production_companies","production_countries","release_date","revenue","runtime","spoken_languages","status","tagline","title","vote_average","vote_count"
"False","0","Hal Holbrook; Katharine Ross; Richard Anderson; Barry Bostwick; Bill Fiore; Phil Leeds; Eve McVeagh","Mystery; Crime; TV Movie; Horror","256166","gun; partner in crime","Murder by Natural Causes","Allison, the unfaithful wife of a famous mentalist with a heart problem, together with her lover tries to kill him by scaring him to death, but the whole thing goes downhill when it turns out that he knew about it all along.","1.040928","CBS Entertainment Productions","United States of America","1979-02-17","0.0","100.0","English","Released","","Murder by Natural Causes","0.0","0.0"
"False","0","Eric Roberts; Danielle Harris; Felissa Rose; Brian Gallagher; Ashley Sumner; Nicole Cinaglia; Joe Raffa; Montana Marks; Gnomi Gre; Kyle Patrick Brennan; Davy Raphaely; Angel Sanchez; Alexander Mandell","Thriller; Horror; Mystery","252189","blood; camp; slasher","Camp Dread","The “Summer Camp” horror trilogy was one of the most popular franchises of the 1980s. However, the decade ended and so did director Julian Barrett’s career. Now Barrett plans to resurrect his gory series via a modern reboot patterned after reality filmmaking. With his former leading lady and an eclectic group of 10 young “contestants,” Barrett returns to the same locale where his old splatter-fests were filmed. When one of the campers is found savagely murdered, they realize there’s more at stake than just fame and fortune. Each of them is in a fight for their lives as they realize summer is over – forever.","0.985039","Class of 85 LLC","United States of America","2014-04-15","0.0","90.0","English","Released","Pitch your tent, dig your grave.","Camp Dread","4.6","8.0"
"False","0","Bill Farmer; Jason Marsden; Pauly Shore; Rob Paulsen; Jeff Bennett; Brad Garrett; Vicki Lewis; Bebe Neuwirth; Jim Cummings","Animation; Family; Comedy","15653","skateboarding; father son relationship; college; sport; duringcreditsstinger; father son conflict","An Extremely Goofy Movie","It's all extreme sports and a life of freedom as Max sets off for college -- but Goofy misses Max so much he loses his job and goes to finish college alongside Max and his friends. But as Goofy tries to get closer to Max, both must go to the extreme to learn how to live their own lives together.","10.368424","Walt Disney Television Animation","Australia; United States of America","2000-02-29","0.0","79.0","English","Released","","An Extremely Goofy Movie","6.0","123.0"
"False","0","Broderick Crawford; Barbara Hale; Johnny Stewart; Lloyd Bridges; Mickey Shaughnessy; George Mathews; Hugh Sanders; Ric Roman; Chubby Johnson; Martin Milner; Milton Parsons; Jack Woody; John War Eagle; George Chesebro; Steve Forrest; Harry Harvey; Jay Silverheels; Carleton Young","Western; Action; Adventure","41468","desert; stagecoach","Last of the Comanches","It's 1876 and all the Indians are at peace except the Comanches lead by Black Cloud. When Black Cloud wipes out a town, only six soldiers are left and they head for the nearest fort. In the desert they are reinforced by members of a stagecoach and find some water at a deserted mission. Pinned down by Black Cloud they send an Indian boy who was Black Cloud's prisoner on to the fort while they try to bargain with Black Cloud whom they learn is without water.","1.058964","Columbia Pictures Corporation","United States of America","1953-02-01","0.0","85.0","English","Released","Ten men ... a woman ... and only a ghost of a chance !","Last of the Comanches","6.0","5.0"
"False","0","Myrna Loy; Robert Mitchum; Louis Calhern; Shepperd Strudwick; Peter Miles; Margaret Hamilton; Patty King; Jackie Jackson; Beau Bridges","Action; Drama; Western","23395","pony","The Red Pony","Peter Miles stars as Tom Tiflin, the little boy at the heart of this John Steinbeck story set in Salinas Valley. With his incompatible parents -- the city-loving Fred (Shepperd Strudwick) and country-happy Alice (Myrna Loy) -- constantly bickering, Tom looks to cowboy Billy Buck (Robert Mitchum) for companionship and paternal love.","0.843101","Republic Pictures","United States of America","1949-03-28","0.0","91.0","English","Released","","The Red Pony","5.0","7.0"
"False","0","Lori Alan; Carlos Alazraqui; Tim Allen; Bob Bergen; Blake Clark; Josh Cooley; Joan Cusack; John Cygan; Timothy Dalton; Emily Forbes; Emily Hahn; Tom Hanks; Jess Harnell; Estelle Harris; Kitt Hirasaki; Jane Lynch; Teddy Newton; John Ratzenberger; Don Rickles; Wallace Shawn","Animation; Family","82424","fast food restaurant; toys; fast food; toy story; pixar animation","Small Fry","A fast food restaurant mini variant of Buzz forcibly switches places with the real Buzz and his friends have to deal with the obnoxious impostor.","9.858179","Pixar Animation Studios","United States of America","2011-11-23","0.0","7.0","English","Released","","Small Fry","6.8","118.0"
"False","0","Audie Murphy; Mari Blanchard; Lyle Bettger; Lori Nelson; Thomas Mitchell; Edgar Buchanan; Wallace Ford; Mary Wickes; Alan Hale Jr.; Lee Aaker","Western","94176","frontier town","Destry","Western remake of """"Destry Rides Again"""", starring Audie Murphy, Mari Blanchard, Thomas Mitchell, Lori Nelson and Lyle Bettger.","0.647708","Universal International Pictures (UI)","United States of America","1954-12-01","0.0","95.0","English","Released","From the roaring , raucous, rowdy pages of the best-loved legend of the West!","Destry","4.7","10.0"
"False","0","Chris Cooper; Richard Dreyfuss; Thora Birch; Maria Bello; Miguel Ferrer","Comedy; Drama; Mystery; Thriller","18711","","Silver City","The discovery of a corpse threatens to unravel a bumbling local politician's campaign for governor of Colorado.","1.534733","","United States of America","2004-09-17","0.0","128.0","English","Released","","Silver City","6.3","13.0"
"False","0","Steve Martin; Dan Aykroyd; Phil Hartman; Glenne Headly; Daryl Mitchell; Chris Rock; Mitchell Whitfield; Eric Edwards; Austin Pendleton; Debra Jo Rupp; Max Casella; Richard Herd; Dan Ferro; Brian Leckner","Comedy; Family","9099","gulf war; u.s. army; based on tv series; military spoof","Sgt. Bilko","The army is known for churning out lean mean fighting machines intent on protecting our great nation. Martin is the inexplicable the incorrigible the invicible sgt. Ernie bilko leader of a ragtag group of the sorriest soldiers ever to enlist in the armed forces.","5.70904","Imagine Entertainment; Universal Pictures","United States of America","1996-03-29","0.0","90.0","English","Released","All he ever wanted was an honest week's pay for an honest day's work.","Sgt. Bilko","5.5","96.0"
"False","0","Bolek Polívka; Anna Šišková; Csongor Kassai; Jaroslav Dušek; Martin Huba; Jiří Pecha; Simona Stašová; Jiří Kodet; Richard Tesařík; Vladimir Marek","Comedy; Drama; Family; War","29937","","Musíme si pomáhat","In Nazi occupied Czechoslovakia, a childless couple agree to hide a Jewish friend at great personal risk of discovery and execution.","1.43661","Ceská Televize; Total HelpArt T.H.A.","Czech Republic","2000-03-16","0.0","120.0","Český; Deutsch","Released","","Divided We Fall","7.6","11.0"
"False","0","Tia Carrere; Matt Corboy; Dakota Fanning; Jillian Henry; Jason Scott Lee; Kevin McDonald; David Ogden Stiers; Chris Sanders; Kunewa Mook; William J. Caparella; Holliston Coleman; Jennifer Hale; Liliana Mumy; Emily Osment; Paul Vogt; Grace Rolek","Animation; Comedy; Family","20760","","Lilo & Stitch 2: Stitch has a Glitch","Now, we find the rowdy extraterrestrial getting used to life with his new ohana. However, a malfunction in the ultimate creation of Dr. Jumba soon emerges, which reinstates his destructive programming and threatens to both ruin his friendship with Lilo and to short him out for good!","10.971661","Walt Disney Pictures","United States of America","2005-01-29","0.0","68.0","English","Released","","Lilo & Stitch 2: Stitch has a Glitch","6.3","246.0"
"False","0","Booboo Stewart; Dove Cameron; Keegan Connor Tracy; Stephanie Bennett; Dan Payne; Cameron Boyce; Sofia Carson; Kristin Chenoweth; Brenna D'Amico; Mitchell Hope; Kristin Chenoweth; Maz Jobrani; Jedidiah Goodacre; Zachary Gibson","Adventure; Action; Comedy; Family","277217","fairy tale; villain; teen movie; teenager","Descendants","A present-day idyllic kingdom where the benevolent teenage son of King Adam and Queen Belle offers a chance of redemption for the troublemaking offspring of Disney's classic villains: Cruella De Vil (Carlos), Maleficent (Mal), the Evil Queen (Evvie) and Jafar (Jay).","12.603719","Walt Disney Television","United States of America","2015-07-31","0.0","112.0","English","Released","They're not bad. They're just born that way.","Descendants","6.7","505.0"
"False","0","Katrina Law; Donna Mills; Aaron O'Connell; Melanie Nelson","Family; TV Movie","363483","christmas","12 Gifts of Christmas","When Anna Parisi, an unemployed fine arts painter, is unable to make ends meet, she is hired to become a personal Christmas shopper for Marc, an uptight corporate exec.  As they begin working together, Marc learns that Christmas giving has less to do with the amount of money spent and more to do with the importance of the gift, while Anna discovers she might find success as an artist in a way she never expected.  The best gift of all of course is the love they discover with one another.","1.002746","","","2015-11-26","0.0","84.0","English; Français","Released","","12 Gifts of Christmas","5.8","20.0"
"False","0","Emily Osment; David Henrie; Jason Earles; Jonathan Keltz","TV Movie; Action; Adventure; Comedy; Family","22084","","Dadnapped","Melissa has a bad case of sibling rivalry, only her competition is a fictional character in her father's best-selling novel about a teenage super spy. When her father is """"dadnapped"""" by a group of overzealous fans, it's up to Melissa to help him by tapping her inner superhero.","6.60929","Salty Pictures","United States of America","2009-01-01","0.0","84.0","English","Released","","Dadnapped","4.6","65.0"
"False","0","Tom Burlinson; Richard Morgan; Judy Morris","Drama; Family","36527","horse; horse racing","Phar Lap","Phar Lap, the big bold chestnut reigned as the king of the turf in the depression that gripped Australia of the 1930s. From his humble beginnings the New Zealand bred horse raced on to become the hero of a nation.","0.709445","John Sexton Productions","Australia","1983-08-11","0.0","107.0","English","Released","","Phar Lap","7.3","9.0"
"False","0","James Stewart; Richard Widmark; Shirley Jones; Linda Cristal; Andy Devine; John McIntire; Paul Birch; Willis Bouchey; Henry Brandon; Harry Carey, Jr.; Olive Carey; Ken Curtis; Chet Douglas; Annelle Hayes; Woody Strode; John Qualen; Jeanette Nolan; Anna Lee; Ford Rainey; O.Z. Whitehead","Western","32634","comanche","Two Rode Together","Two tough westerners bring home a group of settlers who have spent years as Comanche hostages.","14.936586","Columbia Pictures Corporation","United States of America","1961-07-26","0.0","109.0","English","Released","TOGETHER...THEY RODE INTO A THOUSAND DANGERS!","Two Rode Together","6.1","26.0"
"False","0","Austin Highsmith; Jesse Johnson; Ryan Doom; Josh Kelly; Katie Lowes; John Bishop","Mystery; Horror","31687","horror; mystery; t-horror","Circle of Eight","Jessica moves into a loft on the eighth floor of a Los Angeles apartment building called The Dante. The other tenants all seem friendly at first, but when she starts witnessing horrible deaths, she must team up with her neighbor Evan (Doom) to solve the mystery -- and uncover her own connection to the place.","2.285697","Bronson Avenue; Paramount Pictures Digital Entertainment; Mountain Dew Green Label Studios; Milchan / Van Eyssen","","2009-10-27","0.0","84.0","English","Released","","Circle of Eight","3.6","21.0"
"False","5000000","Jim Caviezel; Jaimie Alexander; Chiwetel Ejiofor; Jack McBrayer; Bradley Whitford; Sam Shepard; Hal Holbrook; Tracey Walter; Simone Griffeth; Clay Chappell; Chip Lane; Anthony Paderewski; Geoff McKnight; Michael R. Long; Mark Tymchyshyn; Jimmy Hager; Chip Lane; Greyson Turner","Romance; History; Drama; Family","207871","woman director","Savannah","Savannah is the true story of Ward Allen, a romantic and bombastic character who rejects his plantation heritage for the freedom of life on a river. Ward navigates the change of early 20th century America on the wrong side of the law and society, his long-time friend, a freed slave named Christmas Moultrie, at his side. Master of Shakespeare, and the shotgun that provides Savannah's markets with fowl, Ward fights for his rights as a hunter. His charisma and eloquent rhetoric win the heart of a society woman who defies her father to marry him. An elderly Moultrie tells the story of life on the river with his friend to a little boy, who passes the legendary Ward Allen down to the next generation.","1.663204","Meddin Studios; Unclaimed Freight Productions","United States of America","2013-04-25","0.0","101.0","English","Released","","Savannah","5.9","7.0"
"False","0","Frank Sinatra; Lee Remick; Jacqueline Bisset; Ralph Meeker; Jack Klugman; Horace McMahon; Lloyd Bochner; William Windom; Tony Musante; Al Freeman, Jr.; Robert Duvall; Pat Henry; Patrick McVey; Dixie Marquis; Sugar Ray Robinson; Renée Taylor; James Inman; Tom Atkins; Joe Santos; George Plimpton","Drama; Mystery; Thriller","42636","police detective; gay man; gritty","The Detective","Police detective Joe Leland investigates the murder of a homosexual man. While investigating, he discovers links to official corruption in New York City in this drama that delves into a world of sex and drugs.","0.782194","Arcola Pictures","United States of America","1968-05-28","0.0","114.0","English","Released","An adult look at a police detective","The Detective","6.3","13.0"
"False","0","Madeleine Stowe; Aidan Quinn; James Remar; Peter Friedman; Bruce A. Young; Laurie Metcalf; Matt Roth; Lia D. Mortensen","Mystery; Crime; Drama; Thriller","26203","killer; blindness","Blink","Emma is an attractive girl in her 20s who has been blind for 20 years. A new type of eye operation partially restores her sight, but she is having problems: sometimes she doesn't """"remember"""" what she's seen until later. One night she is awakened by a commotion upstairs. Peering out of her door, she sees a shadowy figure descending the stairs. Convinced that her neighbour has been murdered she approaches the police, only to find that she is unsure if it was just her new eyes playing tricks on her.","3.00282","New Line Cinema","United States of America","1994-01-26","16668552.0","106.0","English","Released","What you can't see, can kill you.","Blink","6.3","45.0"
"False","0","Kyle Schmid; Robert Ri'chard; Kaley Cuoco; Mimi Paley; Joey Wilcots; Matt McCoy; Hardee T. Lineham","Family; Drama; Comedy","72753","","Alley Cats Strike","A group of hip retro teenage outsiders become involved in an interschool bowling rivalry.","0.920318","","","2000-03-18","0.0","103.0","English","Released","The Only Way To Settle The Score Is To Take It To The Alley!","Alley Cats Strike","5.0","10.0"
"False","0","","Drama; Family; Fantasy; Music","15552","","Cirque du Soleil: Varekai","Icarus (Anton Chelnokov) is the main character of Varekai, who falls to the ground, breaking his legs as he does. He is suddenly in a strange, new world full of creatures he has never seen before. """"Parachuted into the shadows of a magical forest, a kaleidoscopic world populated by fantastical creatures, this young man sets off on an adventure both absurd and extraordinary.","2.312374","","","2003-10-07","0.0","0.0","English","Released","","Cirque du Soleil: Varekai","8.7","3.0"
"False","0","Margaret Lockwood; James Mason; Barbara Mullen; Dennis Price; Helen Haye; Michael Shepley; Dulcie Gray; Ernest Thesiger; Henry B. Longhurst","Drama; Mystery; Thriller","29368","possession; murder; old house; haunted manor","A Place of One's Own","An elderly couple move into an old, supposedly haunted abandoned house. A young girl comes to live with the pair as a companion for the wife. However, soon the girl is possessed by the spirit of another girl, a wealthy woman who had once lived in the house but who had been murdered there.","1.110736","Gainsborough Pictures","United Kingdom","1945-05-28","0.0","92.0","English","Released","","A Place of One's Own","4.3","7.0"
"False","3000000","Kathryn Beaumont; Verna Felton; Ed Wynn; Richard Haydn; Sterling Holloway; Jerry Colonna; J. Pat O'Malley; Bill Thompson; Heather Angel; Joseph Kearns; Larry Grey; Queenie Leonard; Dink Trout; Doris Lloyd; James MacDonald","Animation; Adventure; Family; Fantasy","12092","cat; dream; queen; heart; animation; nothing; tea party","Alice in Wonderland","On a golden afternoon, young Alice follows a White Rabbit, who disappears down a nearby rabbit hole. Quickly following him, she tumbles into the burrow - and enters the merry, topsy-turvy world of Wonderland! Memorable songs and whimsical escapades highlight Alice's journey, which culminates in a madcap encounter with the Queen of Hearts - and her army of playing cards!","16.488937","RKO Radio Pictures; Walt Disney Productions","United States of America","1951-07-03","572000000.0","75.0","English","Released","A world of wonders in One Great Picture","Alice in Wonderland","7.0","1557.0"
"False","0","Aleksandr Pal; Igor Jijikine; Kristina Kazinskaya; Aleksandr Ilin; Vladimir Sychyov","Thriller; Comedy; Mystery","354296","","Парень с нашего кладбища","Twenty five years old Kolya starts to work as a cemetery night guard after moving to Moscow from province.","0.546922","CTB Film Company","Russia","2015-09-03","0.0","84.0","Pусский","Released","","The Guy from Our Cemetery","5.4","7.0"
"False","0","George Lopez; Frances Fisher; Jake Busey; Emily Osment; Sebastian Roché; Madison Pettis; Miguel Ferrer; Odette Annable; Nick Eversman; Ernie Hudson; Lacey Chabert; Kay Panabaker","Comedy; Family","105965","","Beverly Hills Chihuahua 3 - Viva La Fiesta!","When Papi &amp; co move into a luxurious hotel, his youngest pup Rosa feels neglected and he must show her how special she is.","4.01161","Walt Disney Pictures","United States of America","2012-09-03","0.0","89.0","Nederlands; English; Deutsch; svenska","Released","Family Always Matters","Beverly Hills Chihuahua 3 - Viva La Fiesta!","5.8","33.0"
"False","0","Engin Akyurek; Farah Zeynep Abdullah; Ceren Moray; Ebru Aykaç; Ege Aydan","Mystery; Romance; Drama","256546","amnesia; turkey; drama; romance; thriller; accident; turkish movie","Bi Küçük Eylül Meselesi","A beautiful girl who has everything. Charming, playful, in her own words: 'too joyful to fall in love.' A sudden car crash, and her heart stops for a few minutes. When she wakes up, everyone assures 'every-thing's alright.' But she knows it isn't. Because she cant remember her final month; a September of her life is missing. Leading a trail of hastily covered clues she finds herself in a remote Aegean island. A weird looking, grubby recluse, comes up-to him and proclaims: 'Don't you remember me? I'm the man you fell in love with.' Everything sensible about her screams 'get out of there' but she follows her memories right onto the tragic end of a miraculous affair.","1.731338","","Turkey","2014-02-14","0.0","102.0","Türkçe","Released","","A Small September Affair","7.4","20.0"
"False","0","Emma Bolger; Max von Sydow; Pauline McLynn; Geraldine Chaplin; Sam Friend; Jessica Claridge","Drama; Family; Foreign","43625","alps","Heidi","Swiss girl Adelheid 'Heidi' is orphaned young. Aunt Detie brings her to grandpa Alp and his wife, who live isolated in the Alps since his murder charge. Heidi soon takes to the wild country, especially accompanying young goatherd Peter. Grandpa refuses to send her to school in the city, but aunt Detie returns and forces him to give in. She's sent to a posh lady in Frankfurt, where she'll be a companion for crippled daughter Clara after school hours.","0.64338","","United Kingdom","2005-08-19","0.0","97.0","English","Released","","Heidi","6.5","4.0"
"False","2","James Woods; Lesley Ann Warren; Charles Durning; Charles Haid; Raymond J. Barry; Randi Brooks; Steven Lambert; Christopher Wynne; Jan McGill; Vicki Wauchope","Crime; Drama; Mystery; Thriller","31701","prostitute; rape; based on novel; sports car; homophobia; shotgun; coffee; machinegun; pizza; daughter; police; psychopath; high school; stalker; dysfunctional family; shootout; police officer killed; feminist; dirty cop; officer involved shooting; male prostitute; rogue cop; vulgarity; poetry quote; crime scene; burglary; mercilessness; internal affairs; writing in blood; cigarette smoking; drug dealing; police corruption; school yearbook; family abandonment; payphone; los angeles; neo-noir","Cop","An obsessive, insubordinate homicide cop is convinced a serial killer is loose in the Hollywood area and disobeys orders in order to catch him.","2.478231","Atlantic Entertainment Group; Harris-Woods Productions","United States of America","1988-01-01","0.0","110.0","English","Released","A killer on the loose. A cop on the edge.","Cop","6.6","18.0"
"False","0","Barbra Streisand; Yves Montand; Bob Newhart; Larry Blyden; Simon Oakland; Jack Nicholson; John Richardson; Pamela Brown; Irene Handl; Roy Kinnear; Peter Crowcroft; Byron Webster; Mabel Albertson; Laurie Main; Kermit Murdock","Action; Drama; Family; Romance","38222","hypnosis; musical","On a Clear Day You Can See Forever","Under hypnosis while trying to quit smoking, the main character Daisy Gamble revisits past lives and different personalities","3.453076","Paramount Pictures","United States of America","1970-06-17","0.0","129.0","English","Released","Look into my eyes.","On a Clear Day You Can See Forever","6.0","12.0"
"False","0","Takako Matsu; Haru Kuroki; Satoshi Tsumabuki; Chieko Baishô; Yui Natsukawa; Yukijiro Hotaru; Isao Hashizume; Kazuko Yoshiyuki; Takatarô Kataoka; Hidetaka Yoshioka; Shigeru Muroi; Takashi Sasano","Drama; Family; History","254679","biography; love","小さいおうち","Following the death of the unmarried and childless Taki, Takeshi, a young relative of hers, discovers several pages of closely written lines in which the old lady has recorded her memories. This is how he learns the truth about her youth working as a housemaid and nanny for the Hirai family in a little house in Tokyo with a red gabled roof.","1.212353","Shochiku Company; TV Asahi; Sumitomo Corporation","Japan","2014-01-25","0.0","136.0","日本語","Released","","The Little House","6.7","15.0"
"False","90000000","Eddie Murphy; Terence Stamp; Nathaniel Parker; Marsha Thomason; Jennifer Tilly; Dina Spybey-Waters; Wallace Shawn; Marc John Jefferies; Jim Doughan; Rachael Harris; Steve Hytner; Aree Davis; Heather Juergensen; Jeremy Howard; Deep Roy; Clayton Martinez; Bridget Brno; Gregg London; John Alexander; Zach Minkoff; Shelby Grimm; Harry J. Campbell; William T. Lewis; Tim Reeder; Bob Hartley","Thriller; Fantasy; Comedy; Family; Mystery","10756","secret passage; magic; estate agent; haunted house; family vacation; ghost; aftercreditsstinger","The Haunted Mansion","Workaholic Jim Evers and his wife/business partner, Sara get a call one night from mansion owner, Edward Gracey wants to sell his house. Once the Evers family arrive at the mansion a butler takes them to dine with Gracey. Gracey takes one look at Sara and he thinks she's his lost lover.","11.605735","Walt Disney Pictures; Gunn Films; Doom Buggy Productions","United States of America","2003-11-25","182290266.0","87.0","English","Released","Check your pulse at the door... if you have one.","The Haunted Mansion","5.1","481.0"
"False","90000000","Jesse Eisenberg; Woody Harrelson; Mark Ruffalo; Dave Franco; Morgan Freeman; Michael Caine; Lizzy Caplan; Daniel Radcliffe; Jay Chou; Henry Lloyd-Hughes; Sanaa Lathan; Justine Wachsberger; Alexandra Fraser; David Warshofsky; Tsai Chin; Ben Lamb; Lasco Atkins; Amber Elizabeth; Alexander Cooper; Judit Novotnik; Richard Laing; Alexa Brown; William Henderson; Brick Patrick; Zach Gerard; Fenfen Huang; Aaron Ly; Cyd Casados; Jem Wilner; James Richard Marshall; Karl McMillan; Jim Pirri; Christopher Logan; Varada Sethu; Michael Walters; Simon Connolly; Dino Fetscher; Martin Delaney; Nichole Bird; Danielle Bird; Michael Cooke; John Cooke; Greg McKenzie; Michael McKenzie; Tai Yin Chan; Bruce Chong; Missy Malek; Krystal Ellsworth; Jessica Lee Keller; Krysada Phounsiri; Luis Rosado; Karl Hussain; Savannah Guthrie; Emmanuel Akwafo; Jozef Aoki; Mairead Armstrong; Alphonso Austin; Raj Awasti; David Olawale Ayinde; Gia Marie Barbera; Tim Baros; Lauren Beacham; Gintare Beinoraviciute; Marc Benanti; Paul Blackwell; Annarie Boor; Greg Brummel; David Burge; Perry Burke; Leona Carlo; Yue Ting Cheng; Richard Clark; Bern Collaco; Pamela Betsy Cooper; Tim Dayman; Andrew Dunkelberger; Cameron Edwards; Don Sebastian Fula; Jesse Michael Fullington; Alexander Furno; Kevin Fyfe; Melissa Galloway; Don Gayle; Gemma George; David Georgiou; Claire Greasley; Guna Gultniece; Mark Haldor; Jane Hardcastle; Lee Nicholas Harris; Richard Herdman; Vera Horton; Kornelia Horvath; Ty Hurley; Jahmilla Jackson; Dolly Jagdeo; Oliver Jolliffe; Zoey Callandria Jones; Vivien Kent; Attila G. Kerekes; Paul Kerry; Irina Klimovich; Nina Kumar; Candice Lam; Kim-Anh Le-Pham; Jorge Leon Martinez; Rogers Leona; Sonu Louis; Nada Maache; João Magalhães; Teresa Mahoney; Sid Man; Rita McDonald Damper; Erica Melargo; Andy Mihalache; Anthony Milton; Shina Shihoko Nagai; Celina Nessa; Emily Ng; Jason Nicholls; Kapish OJO; Tatsujiro Oto; Gloria Peñaranda; Lovell Richards; Boyd Rogers; Aaron Sequerah; Vinita Sharma; Clem So; Conny Stadler; Richard Stanley; A.k. Steppa; Vince Taylor; Nadia Townsend; Vassiliki Tzanakou; Maureen Warrington; Daniel Westwood; Jo Wheatley; Arthur Wilde; Evie Wray; Miroslav Zaruba; Tatiana Zarubova","Action; Adventure; Comedy; Crime; Mystery; Thriller","291805","london england; china; magic; secret society; vigilante; sequel; revenge; heist; on the run; macau china; magician","Now You See Me 2","One year after outwitting the FBI and winning the public’s adulation with their mind-bending spectacles, the Four Horsemen resurface only to find themselves face to face with a new enemy who enlists them to pull off their most dangerous heist yet.","39.540653","Summit Entertainment; Lionsgate; K/O Paper Products; TIK Films","Canada; China; United Kingdom; United States of America","2016-06-02","334901337.0","129.0","普通话; English","Released","You Haven't Seen Anything Yet","Now You See Me 2","6.7","3362.0"
"False","0","Kristen Riter; Matthew Goldsby; Jerry Belson; Joe Flood; Mimi Weddell; Joe Talarowski; Carl Jacobs; Oscar James; Robyn Flanery","Comedy; Horror; Mystery","21515","countdown; parody; slasher; horror spoof; rubber chicken; lurker","Student Bodies","Director Mickey Rose's zany send-up of teen slasher flicks features a maniacal psycho known as the Breather (played by Jerry Belson), who stalks –and murders– promiscuous students at a suburban high school. The fanatical killer's unusual weapons include paper clips, blackboard erasers and eggplants. Kristen Riter, Matthew Goldsby, Joe Flood, Kevin Mannis and Sara Eckhardt head the cast.","2.142083","Paramount Pictures","United States of America","1981-08-07","0.0","86.0","English; Français","Released","13½ Murders + 1423 Laughs = Student Bodies","Student Bodies","5.6","25.0"
"False","0","Lon Chaney Jr.; Anne Gwynne; Evelyn Ankers; Ralph Morgan; Elisabeth Risdon; Lois Collier; Harry Hayden; Elizabeth Russell; Phil Brown; Kay Harding","Mystery; Thriller","64076","voodoo; b movie; radio series","Weird Woman","While on a South Seas trip, a professor falls in love with marries an exotic native woman. What he doesn't know is that she was raised by superstitious natives who believe her to be some kind of supernatural being.","0.505014","Universal Pictures","United States of America","1944-03-02","0.0","64.0","English","Released","MURDER STRIKES WITH VELVET CLAWS!","Weird Woman","6.5","8.0"
"False","0","Lee Byung-hun; Lee Mi-yeon; Lee Eol; Park Sun-young; Kang Ye-won","Drama; Thriller; Mystery; Romance; Foreign","67025","","중독","Two brothers get into a sudden tragic accident and they both fall into a coma at the same time. A year later, the younger brother Dae-jin wakes up believing he is his older brother Ho-jin.","0.256316","","South Korea","2002-10-18","0.0","110.0","한국어/조선말","Released","","Addicted","5.8","6.0"
"False","0","Isabelle Adjani; Alain Souchon; Suzanne Flon; Jenny Clève; Evelyne Didi; Maria Machado; Jean Gaven; François Cluzet; Manuel Gélin; Roger Carel; Michel Galabru; Marie-Pierre Casey; Cécile Vassort; Edith Scob; Virginie Vignon; Martin Lamotte; Yves Afonso; Raymond Meunier; Jacques Dynam; Jacques Nolot; Patrice Melennec; Daniel Langlet; Maïwenn; Max Morel","Mystery; Drama","9041","abandoned house; murder; summer; sensuality","L'Été meurtrier","In spring 1976, a 19-year-old beauty, her German-born mother, and her crippled father move to the town of a firefighter nicknamed Pin-Pon. Everyone notices the provocative Eliane. She singles out Pin-Pon and soon is crying on his shoulder (she's myopic and hates her reputation as a dunce and as easy); she moves in with him, knits baby clothes, and plans their wedding. Is this love or some kind of plot? She asks Pin-Pon's mother and aunt about the piano in the barn: who delivered it on a November night in 1955? Why does she want to know, and what does it have to do with her mother's sorrows, her father's injury, this quick marriage, and the last name on her birth certificate?","1.786832","TF1 Films Productions","France","1983-05-11","0.0","130.0","Français","Released","","One Deadly Summer","7.1","28.0"
"False","0","Thomas McHugh; Fred Newman; Chris Phillips; Constance Shulman","Animation; Family; Comedy","16508","journalism; dance; daydream; friendship; pollution; cartoon; number in title; kids and family; valentine","Doug's 1st Movie","Doug and his pal Skeeter set's out to find the monster of Lucky Duck Lake. Though things get really out of hand when some one blurts out that the monster is real.","2.924948","Walt Disney Pictures","United States of America","1999-03-26","0.0","77.0","English","Released","You'll Dig Doug!","Doug's 1st Movie","5.4","22.0"
"False","27000000","Michael Keaton; Kelly Preston; Mark Addy; Joseph Cross; Henry Rollins; Mika Boorem; Andrew Lawrence; Eli Marienthal; Will Rothhaar; Taylor Handley; Paul F. Tompkins; Dweezil Zappa; Jay Johnston; Googy Gress; Wayne Federman; Trevor Rabin; Moon Unit Zappa","Comedy; Family; Drama; Fantasy","9745","holiday; loss of lover; christmas party; loss of father; loss; snowman","Jack Frost","A father, who can't keep his promises, dies in a car accident. One year later, he returns as a snowman, who has the final chance to put things right with his son before he is gone forever.","7.372419","Warner Bros.; Azoff Entertainment; The Canton Company","United States of America","1998-12-10","0.0","101.0","English","Released","Jack Frost is getting a second chance to be the world's coolest dad... if he doesn't melt first.","Jack Frost","5.5","254.0"
"False","0","Lola Gave; Axel Holst; Andreas Pape; Annika Strauss; Matthan Harris; Daniel Faust; Martina Schöne-Radunski; Denis Lyons; Lucia Wolf; Milton Welsh; Désirée Giorgetti; Kristina Kostiv; Rüdiger Kuhlbrodt; Magdalena Ritter; Katja Bienert; Stephen Patrick Hanna; Florian Kleine; David Brückner; David Masterson; Jörg Buttgereit; Andreas Marschall; Michal Kosakowski","Mystery; Action; Horror; Fantasy","252596","","German Angst","Horror anthology consisting of three episodes directed by Jörg Buttgereit, Andreas Marschall and Michal Kosakowski.","1.808086","Kosakowski Films","Germany","2015-01-24","0.0","111.0","English; Deutsch; Italiano; Polski; Український","Released","Love. Sex. Death.","German Angst","5.9","11.0"
"False","0","Toni Collette; Ioan Gruffudd; Maurice Cole; Richard E. Grant; Anne Reid; Daisy Beaumont; Bobby Smalldridge; Tim Beckmann; Haruka Kuroda; Hayley Mills; Jeremy Child","Comedy; Drama; Family","81232","","Foster","Some years after their son is killed, a married couple decide to adopt a child. One day a 7-year-old boy, Eli, unexpectedly arrives on their doorstep and things take a strange turn.","2.347008","Kintop Pictures; Reliance Big Pictures; StarLight Films","United Kingdom","2011-02-10","0.0","90.0","English","Released","A family opens its door to a miracle.","Foster","6.7","25.0"
"False","0","Ally Sheedy; Steve Guttenberg; Fisher Stevens; Austin Pendleton; G. W. Bailey; Brian McNamara; Tim Blaney; Marvin J. McIntyre; John Garber; Penny Santon; Vernon Weddle; Barbara Tarbuck; Tom Lawrence; Fred Slyter; Billy Ray Sharkey; Robert Krantz; Jan Speck; Marguerite Happy; Howard Krick; Marjorie Card Hughes; Herb Smith; Jack Thompson; William Striglos; Mary Reckley; Shay McLean; Eleanor C. Heutschy; Actor Sergio Kato","Comedy; Family; Science Fiction","2605","artificial intelligence; lightning; robot","Short Circuit","After a lightning bolt zaps a robot named Number 5, the lovable machine starts to think he's human and escapes the lab. Hot on his trail is his designer, Newton, who hopes to get to Number 5 before the military does. In the meantime, a spunky animal lover mistakes the robot for an alien and takes him in, teaching her new guest about life on Earth.","12.171218","PSO International; David Foster Productions; TriStar Pictures","United States of America","1986-05-09","40697761.0","98.0","English","Released","Something wonderful has happened... No. 5 is alive!","Short Circuit","6.4","535.0"
"False","27000000","Rufus Sewell; William Hurt; Kiefer Sutherland; Jennifer Connelly; Richard O'Brien; Ian Richardson; Bruce Spence; Colin Friels; John Bluthal; Mitchell Butel; Melissa George; Frank Gallacher; Ritchie Singer; Justin Monjo; Nicholas Bell; Satya Gumbert; Noah Gumbert; Frederick Miragliotta; Jeanette Cronin","Mystery; Science Fiction","2666","soul; sleep; manipulation; future; dystopia; chaos; memory; duel; parallel world; tech noir; matrix; neo-noir; retrofuturism","Dark City","A man struggles with memories of his past, including a wife he cannot remember, in a nightmarish world with no sun and run by beings with telekinetic powers who seek the souls of humans.","12.851984","New Line Cinema; Mystery Clock Cinema","Australia; United States of America","1998-02-27","27200316.0","100.0","English","Released","A world where the night never ends.","Dark City","7.2","838.0"
"False","0","Dean Martin; Alain Delon; Joey Bishop; Peter Graves; Rosemary Forsyth; Tina Aumont; Michael Ansara; Linden Chiles; Andrew Prine; Stuart Anderson; Roy Barcroft; Don Beddoe; George Wallace; Kelly Thordsen; John Harmon; Richard Farnsworth; Nora Marlowe","Comedy; Western","52480","texas; native american","Texas Across the River","The Louisiana wedding of debutante Phoebe Ann Naylor to Don Andrea de Baldasar, El Duce de la Casala is stopped by the Cavalry over a matter of honor. Don Andrea flees across the river to Texas, where he meets up with Sam Hollis and his Indian sidekick, Kronk, who are carrying rifles to the town of Moccasin Flats. Don Andrea rescues an Indian maiden, Lonetta, tames some longhorns, competes with Sam for Phoebe's affections, eludes a Comanche war party and the cavalry (who have come to Moccasin Flats to celebrate Texas' statehood) and ultimately saves the town and gets his girl.","0.3214","Universal Pictures","United States of America","1966-10-26","0.0","101.0","English","Released","A Swinging Fun-Romp that Fractures the Frontier!","Texas Across the River","5.7","5.0"
"False","0","Joren Seldeslachts; Melissa Gorduyn; Benny Claessens; Matthias Meersmans; Saskia Aelen","Family; Mystery","218238","","Blinker","A series of mysterious events and the pestering motor gang 'The Red Vampires' turns the idyllic holiday of Blinker and his friends into a thrilling adventure.","0.05235","","","1999-01-01","0.0","90.0","Nederlands","Released","","Blinker","6.0","1.0"
"False","0","Joren Seldeslachts; Melissa Gorduyn; Benny Claessens; Matthias Meersmans; Saskia Aelen","Family; Mystery","218238","","Blinker","A series of mysterious events and the pestering motor gang 'The Red Vampires' turns the idyllic holiday of Blinker and his friends into a thrilling adventure.","0.05235","","","1999-01-01","0.0","90.0","Nederlands","Released","","Blinker","6.0","1.0"
"False","0","Jonas Hartmann; Julia Jeker; Laurin Michael; Marcus Signer; Tonia Maria Zindel; Martin Rapold; Sarah Sophia Meyer; Andrea Zogg; Peter Jecklin; René Schnoz; Herbert Leiser; Leonardo Nigro","Family","338072","","Schellen-Ursli","A boy must brave deep winter snow to obtain an important family keepsake. Before he can even start this difficult journey he must first help his family survive financial ruin, rescue his beloved pet goat, and with his best friend, outwit a bratty bully who seems out to get him at every turn. Will he make it back to the village in time to celebrate the end-of-winter holiday of Chalandamarz?","0.764131","C-Films AG; La Siala Entertainment","Switzerland","2015-10-15","0.0","100.0","Deutsch","Released","","A Bell for Ursli","7.5","3.0"
"False","0","Richard Dix; Irene Dunne; Estelle Taylor; Nance O'Neil; William Collier Jr.; Roscoe Ates; George E. Stone; Stanley Fields; Robert McWade; Edna May Oliver; Judith Barrett; Eugene Jackson; Max Barwyn; Heinie Conklin; Edith Fellows; Otto Hoffman; William Janney; Bob Kortman; Frank Lackteen; Ethan Laidlaw; Dennis O'Keefe; Helen Parrish; Carl Stockdale","Drama; Western","42861","newspaper; oklahoma; frontier; newspaper editor; land rush","Cimarron","When the government opens up the Oklahoma territory for settlement, restless Yancey Cravat claims a plot of the free land for himself and moves his family there from Wichita. A newspaperman, lawyer, and just about everything else, Cravat soon becomes a leading citizen of the boom town of Osage. Once the town is established, however, he begins to feel confined once again, and heads for the Cherokee Strip, leaving his family behind. During this and other absences, his wife Sabra must learn to take care of herself and soon becomes prominent in her own right.","1.133556","RKO Radio Pictures","United States of America","1931-02-09","0.0","123.0","English; Français","Released","Terrific as all creation!","Cimarron","5.1","22.0"
"False","0","Boris Karloff; Allen Swift; Gale Garnett; Phyllis Diller; Ethel Ennis","Comedy; Family; Horror","17278","frankenstein; spoof","Mad Monster Party?","When Dr Frankenstein decides to retire from the monster-making business, he calls an international roster of monsters to a creepy convention to elect his successor. Everyone is there including Dracula, The Werewolf, The Creature, Dr Jekyll &amp; Mr Hyde and many more. But Frankenstein's title is not all that is at stake. The famous doctor has also discovered the secret of total destruction that must not fall into the wrong hands!","2.151835","Embassy Pictures Corporation; Rankin/Bass Productions; Videocraft International","United States of America","1967-03-08","0.0","95.0","English","Released","It's the Silliest Party of the Year...and you're all invited!","Mad Monster Party?","6.1","15.0"
"False","0","Tyrone Power; Cameron Mitchell; Thomas Gomez; Penny Edwards; Robert Horton; Anthony Earl Numkena; Adeline De Walt Reynolds; Howard Petrie; Stuart Randall","Western","171019","canada; cree indian; mountie; mounted police","Pony Soldier","Duncan MacDonald, a 19th-century Royal Canadian Mountie, has to escort a group of Cree Indians back to their above-the-border reservation. His guide in this endeavor is the not-too-trustworthy half-breed Natayo.","0.821121","Twentieth Century Fox Film Corporation","United States of America","1952-04-01","0.0","82.0","English","Released","Before the covered wagons...Before the charging cavalry...Rode the NORTHWEST MOUNTIE","Pony Soldier","4.9","4.0"
"False","0","George Segal; Goldie Hawn; Conrad Janis; Thayer David; Jennifer Lee Pryor; Sid Gould; Richard Farnsworth","Comedy; Western","54613","con man; wild west; gambler; showgirl; saloon girl","The Duchess and the Dirtwater Fox","A female hustler is chasing after rich men, but becomes repeatedly mixed up with a suave con man and card shark through a series of misadventures before falling in love with him.","1.36669","Twentieth Century Fox Film Corporation","United States of America","1976-04-01","0.0","103.0","English","Released","Once upon a time, If the rustlers didn't get you, the hustlers did.","The Duchess and the Dirtwater Fox","5.7","12.0"
"False","0","Michel Serrault; Isabelle Adjani; Guy Marchand; Stéphane Audran; Macha Méril; Geneviève Page; Sami Frey; Dominique Frot; Patrick Bouchitey; Michel Such; Jean-Claude Brialy; Jeanne Herviale; François Bernheim; Isabelle Ho; Gilberte Lauvray","Crime; Mystery","62981","suspense","Mortelle randonnée","Beauvoir, lonely, aging private detective, is put on the bloody track of beautiful Catherine Leiris who kills and robs her rich husband(s) on their wedding night. Although he never approaches her directly, he follows her and increasingly feels to be telepathically connected to her, because she reminds him of his daughter he never met. After he led a blind artist, Catherine's truly beloved spouse, into a bus accident, she makes a living by bank robbery with young Betty till Betty gets shot. Alone again, Catherine leads a sad, uneventful life as a waitress, when she meets her follower.","0.90394","TF1 Films Productions; Téléma Productions","France","1983-03-09","0.0","120.0","Français","Released","","Deadly Circuit","6.2","10.0"
"False","0","Maurice Chevalier; Hayley Mills; George Sanders; Wilfrid Hyde-White; Michael Anderson Jr.; Antonio Cifariello; Wilfrid Brambell; Jack Gwillim; Ronald Fraser; Norman Bird; George Murcell; Inia Te Wiata; Mark Dignam; Michael Wynne; David Spenser; Milo Sperber; Roger Delgado; Barry Keegan; Maxwell Shaw; Andreas Malandrinos; Keith Hamshere; Joss Ackland","Action; Adventure; Drama; Family","34774","jules verne; shipwreck","In Search of the Castaways","In Search of the Castaways is a 1962 Walt Disney Productions feature film starring Hayley Mills and Maurice Chevalier in a tale about a worldwide search for a shipwrecked sea captain. The film was directed by Robert Stevenson from a screenplay by Lowell S, Hawley based upon Jules Verne's 1868 adventure novel Captain Grant's Children.","2.679615","Walt Disney Productions","United States of America","1962-12-01","0.0","98.0","English","Released","A Thousand Thrills, And Hayley Mills!","In Search of the Castaways","6.2","20.0"
"False","45000000","Martin Lawrence; Wendy Raquel Robinson; Breckin Meyer; Horatio Sanz; Patrick Warburton; Oren Williams; Megan Mullally; Eddy Martin; Steven Christopher Parker; Steven Anthony Lawrence; Logan McElroy; Gus Hoffman; Cody Linley; Alex Vojdani; Cole Evan Weiss; Alia Shawkat; Hailey Noelle Johnson","Comedy; Family","7233","trainer; college; training; sport; basketball; school","Rebound","An acclaimed college hoops coach is demoted to a junior varsity team after a public meltdown.","4.373457","Twentieth Century Fox Film Corporation; Robert Simonds Productions; Runteldat Entertainment","United States of America","2005-07-01","16809014.0","103.0","English","Released","A comedy where old school ...meets middle school","Rebound","5.2","96.0"
"False","0","George Hilton; Anita Strindberg; Alberto de Mendoza; Ida Galli; Janine Reynaud; Luigi Pistilli; Tom Felleghy; Luis Barboo; Lisa Leonardi; Tomás Picó; Fulvio Mingozzi","Horror; Mystery; Thriller","16825","male nudity; poison; corruption; sexual obsession; sex; adultery; hotel; killing; detective; hotel room; jealousy; secret; desperation; sun glasses; boat; mass murder; blindness and impaired vision; homicide; camera; blackmail; restaurant; island; television; menace; paranoia; nudity; mask; hat; trauma; wound; window; spanner; passion; suffering; seduction; door; suspicion; bedroom; bed; underwear; night; light; darkness; auto; airplane; support; rage and hate; revelation; sadism; eye; knife; attempt to escape; investigation; inspector; photography; friendship; telephone; police; insanity; alone; chair; stadt; fondling; bikini; blood splatter; dying man; perversion; murder; suspense; dress; rampage; psychopathic killer; slaughter; serial killer; blood; cowardliness; violence; police officer; killer; witness to murder; millionaire; road movie; denunciation","La coda dello scorpione","The Case of the Scorpion's Tail begins with the mysterious death of a millionaire and spirals into the murder of his suddenly rich wife, which draws the attention of a dogged investigator, who follows a trail of blood to the bitter end.","5.913654","Copercines, Cooperativa Cinematográfica; Devon Film","Spain; Italy","1971-08-16","0.0","90.0","Italiano","Released","","The Case of the Scorpion's Tail","7.0","14.0"
"False","0","Naomi Watts; Sam Behrens; Susanna Thompson; Lisa Jakub; David Gallagher","Mystery; Adventure","134308","bermuda triangle; tv movie","The Bermuda Triangle","After a strange storm in the Carribean causes a boat to sink, a family finds itself stranded on an island in the """"27th dimension"""".","0.842615","","","1996-01-01","0.0","96.0","English","Released","","The Bermuda Triangle","6.2","6.0"
"False","0","Billy Connolly","Animation; Family; Fantasy","76346","scotland; golf; disney short; loch ness monster; rubber duck","The Ballad of Nessie","A legendary and friendly creature named Nessie lives happily in a small pond with her friend MacQuack, a rubber duck. When a rich developer takes the pond and land surrounding it to build a miniature golf course, Nessie is forced to search for a new home.","1.527842","Walt Disney Pictures; Walt Disney Animation Studios","United States of America","2011-04-13","0.0","6.0","English; Português","Released","","The Ballad of Nessie","7.3","22.0"
"False","1978000","Richard Roundtree; Moses Gunn; Drew Bundini Brown; Joseph Mascolo; Kathy Imrie; Wally Taylor; Julius Harris; Rosalind Miles; Joe Santos; Angelo Nazzo","Action; Adventure; Crime; Mystery","493","bomb; gambling; helicopter; cemetery; coffin; attempted murder; investigation; observer; blaxploitation; grave digger","Shaft's Big Score!","John Shaft is back as the lady-loved black detective cop on the search for the murderer of a client.","0.760855","Metro-Goldwyn-Mayer (MGM); Shaft Productions Ltd.","United States of America","1972-06-08","10000000.0","104.0","English","Released","Last time he was nice. This time he's ice!","Shaft's Big Score!","6.1","7.0"
"False","15000000","Taylor Kitsch; Jennette McCurdy; Carla Gugino; Jason Kravits; James Woods; Tom Green; Jon Heder; Jason Mewes; Jim Breuer","Family; Animation","385722","wedding ring; superhero; robot; proposal; theme park; valentine's day; super villain","Bling","Lowly theme park mechanic Sam dreams about his childhood sweetheart Sue. With the mistaken belief that only a bling ring can win the girl of his dreams, Sam plans the most perfect night to propose to his one true love. But when super villain Oscar shows up with his own evil ring that could destroy the city, Sam’s plans are thrown into utter disarray. Mistaking each other’s rings for their own, Sam teams up with his robot super heroes to track down his engagement ring and save the city… learning that it’s not about the size of the bling, but the size of your heart.","2.930081","Digiart Productions; Celsius Entertainment","South Korea","2016-11-24","0.0","81.0","English","Released","Prepare to engage","Bling","4.8","12.0"
"False","11000000","50 Cent; Forest Whitaker; Robert De Niro; Ryan O'Nan; Matt Gerald; Beau Garrett; Malcolm Goodwin; Robert Wisdom; Dana Delany; Vinnie Jones; Anabelle Acosta; Pedro Armendáriz Jr.; Michael McGrady; Andre Royo; Roger Edwards; LaJessie Smith; Dominique DuVernay; Cassie Shea Watson; Raeden Greer; Jeff Chase; Danny A. Abeckaser; Douglas M. Griffin; Ambyr Childers; Hilary Cruz; Amin Joseph; Shantel Jackson; Phil Laak; Antonio Esfandiari; Jesse Pruett; Javier Carrasquillo; Craig Leydecker; John L. Armijo; Candice Michele Barley; Met Salih; Michelle Torres; Brian Oerly","Mystery; Drama; Action; Crime","122800","bartender; revenge; nypd; kingpin","Freelancers","The son of a slain NYPD officer joins the force, where he falls in with his father's former partner and a team of rogue cops. His new boss, Sarcone, will see if he has what it takes to be rogue through many trials and tribulations of loyalty, trust and respect. When the truth about his father's death is revealed revenge takes him over and he won't stop until justice has been truly served.","5.973229","Grindstone Entertainment Group; Cheetah Vision; Paradox Entertainment; Emmett/Furla Films; Envision Entertainment","United States of America","2012-08-10","0.0","96.0","English; Français","Released","To serve,  protect... and steal.","Freelancers","4.7","68.0"
"False","0","Tom McCamus; Tilda Swinton; Shaun McCann; Gabriel Gascon; Griffith Brewer; Danielle Brooks; Steve Adams; Russell Yuen; Mariah Inger; Laurent Imbault; Lisa Bronwyn Moore; Eric Hoziel; Jessica Paré","Mystery; Science Fiction; Drama","38987","philosophy; brain; murder; another dimension; parallel world; flashback","Possible Worlds","The same man lives out several parallel lives in different """"worlds"""" and in different relationships at the same time.","0.811769","In Extremis Images; The East Side Film Company","Canada","2000-01-01","0.0","93.0","English","Released","","Possible Worlds","5.8","10.0"
"False","0","Katharine Ross; Paula Prentiss; Nanette Newman; Judith Baldwin; Peter Masterson; Tina Louise; Carol Eve Rossen; William Prince; Mary Stuart Masterson; Патрик О’Нил; Dee Wallace; George Coe; Franklin Cover","Horror; Mystery; Science Fiction","12223","suspense; independent film; cult film; stepford wife; duringcreditsstinger; stepford","The Stepford Wives","The urban aspirant photographer Joanna Eberhart moves from Manhattan to Stepford, Connecticut with her family. Her husband Walter Eberhart decided to live in a calm suburb, but Joanna did not like the neighborhood with beautiful and perfect housewives. She becomes friend of Bobbie Markowe and Charmaine Wimperis, and when they change Joanna tries to escape.","3.94547","Palomar Pictures; Fadsin Cinema Associates","United States of America","1975-02-12","0.0","117.0","English","Released","Something strange is happening in the town of Stepford.","The Stepford Wives","6.7","79.0"
"False","40000000","Roberto Benigni; Jim Belushi; Nicoletta Braschi; Carlo Giuffrè; Kim Rossi Stuart; Luis Molteni","Comedy; Family; Fantasy","10599","italy; lie; woodcutter; nose; puppet; wooden","Pinocchio","Roberto Benigni adapts the classic children's tale by Carlo Collodi for the big-budget family-oriented comedy Pinocchio.","6.463613","Miramax Films; Cecchi Gori Group; Buena Vista International","Italy; United States of America","2002-12-25","41323171.0","108.0","Italiano","Released","","Pinocchio","5.6","144.0"
"False","0","Ludivine Sagnier; Kristin Scott Thomas; Patrick Mille; Guillaume Marquet; Marie Guillard; Gérald Laroche; Olivier Rabourdin; Julien Rochefort; Mike Powers; Matthew Gonder; Jean-Pierre Leclerc; Stéphane Roquet; Frederic Venant; Stéphane Brel; Marie-Bénédicte Roy; Anne Girouard; Suzanne Renaud; Benoît Ferreux; Nils Moreau; Fabrice Donnio; Xavier Berlioz; Jean-Marie Juan; Michel Doré","Thriller; Crime; Mystery","53404","ambition; innocence; lawyer; office politics; crime; woman power; corporation; getting away with murder","Crime d'amour","In the sterile setting of a powerful multinational, two young women compete ... Isabelle is working under the orders of Christine, a woman of power she admires unreservedly.","2.440568","France 2 Cinéma; SBS Films; Divali Films","France","2010-08-09","0.0","104.0","English; Français; 日本語","Released","Ambition. Manipulation. Revenge.","Love Crime","6.4","29.0"
"False","0","Ed Harris; Amy Madigan; Henry Thomas; G. D. Spradlin; Lynn Wanlass; Bob L. Harris; Rusty Musselman; Robin Tunney; Norbert Weisser; Jerry Wills","TV Movie; Drama; Western; Romance","134806","","Riders of the Purple Sage","","0.332653","Rosemont Productions International; Zeke Productions","United States of America","1996-01-21","0.0","0.0","English","Released","","Riders of the Purple Sage","0.0","0.0"
"False","0","Shun Oguri; Yūsuke Santamaria; Keisuke Koide; Muga Tsukaji; Teruyuki Kagawa","Comedy; Mystery","27698","","キサラギ","The fanclub of a deceased Japanese idol gather together for the one year anniversary of her death. By combining forces they try to unearth the true circumstances surrounding her supposed suicide.","1.176904","Showgate","Japan","2007-06-16","0.0","0.0","日本語","Released","","Kisaragi","6.9","8.0"
"False","27000000","Bradley Cooper; Robert De Niro; Abbie Cornish; Andrew Howard; Anna Friel; Johnny Whitworth; Robert John Burke; Darren Goldstein; Tomas Arana; Ned Eisenberg; T.V. Carpio; Richard Bekins; Patricia Kalember; Cindy Katz; Brian Anthony Wilson; Rebecca Dayan","Thriller; Mystery; Science Fiction","51876","fictional place; politician; stalking; superhuman; writer; apartment; threat","Limitless","A paranoia-fueled action thriller about an unsuccessful writer whose life is transformed by a top-secret """"smart drug"""" that allows him to use 100% of his brain and become a perfect version of himself. His enhanced abilities soon attract shadowy forces that threaten his new life in this darkly comic and provocative film.","12.114955","Rogue Pictures; Relativity Media; Virgin Produced; Many Rivers Productions; Boy of the Year; Intermedia","United States of America","2011-03-08","161849455.0","105.0","English; Italiano; Pусский; 普通话; Français","Released","What if a pill could make you rich and powerful?","Limitless","7.1","3888.0"
"False","0","Yul Brynner; Robert Mitchum; Charles Bronson; Maria Grazia Buccella; Herbert Lom; Robert Viharo; Frank Wolff; Diana Lorys; Alexander Knox; Robert Carricart; Andrés Monreal; Fernando Rey; Julio Peña; José María Prada; Regina de Julián; Antoñito Ruiz; Jill Ireland; John Ireland; Che Tejada","Action; Western","48564","mexico; resistance; mexican revolution; biography; historical figure; maverick; pancho villa; gunrunner; power struggle","Villa Rides","Pulled into the Mexican Revolution by his own greed, Texas gunrunner &amp; pilot Lee Arnold joins bandit-turned-patriot Pancho Villa &amp; his band of dedicated men in a march across Mexico battling the Colorados &amp; stealing women's hearts as they go. But each has a nemesis among his friends: Arnold is tormented by Fierro, Villa's right-hand-man; and Villa must face possible betrayal by his own president's naiveté","1.188777","Paramount Pictures","United States of America","1968-05-29","0.0","125.0","English","Released","Villa rages! Villa lusts! Villa kills! VILLA RIDES!","Villa Rides","5.8","15.0"
"False","0","Garry Chalk; Kathleen Barr; Willa Townsend; Melissa Sturm; Trevor Devall; Trevor Devall","Animation; Comedy; Family; Adventure","382517","bear; open season; elliot; boog","Open Season: Scared Silly","The humans and animals believe a werewolf is on the loose, and former hunter Shaw uses the opportunity to re-open the season. Boog, Elliot, and Mr. Weenie have to face their fears and find the werewolf to get the season closed permanently.","4.452672","Sony Pictures Animation","United States of America","2015-12-31","0.0","85.0","Dansk; English; ภาษาไทย","Released","","Open Season: Scared Silly","5.5","57.0"
"False","0","Eddie Cantor; Tony Martin; Roland Young; June Lang; Gypsy Rose Lee; John Carradine; Virginia Field; Jeni Le Gon; Douglass Dumbrille; Alan Dinehart; Maurice Cass; Warren Hymer; Stanley Fields; Paul Hurst; Charles Lane; Ferdinand Gottschalk","Comedy; Family; Fantasy","106515","dream; musical","Ali Baba Goes To Town","While visiting Hollywood a starstruck movie fan (Eddie Cantor) fantasizes about himself cast in an Arabian adventure. Director David Butler's comedy--with many songs--also features Tony Martin, Roland Young, Gypsy Rose Lee (billed as Rose Hovick), John Carradine, June Lang, Virginia Field, Charles Lane, The Peters Sisters and many big-name guest stars playing themselves.","0.496835","Twentieth Century Fox Film Corporation","United States of America","1937-10-29","0.0","81.0","English","Released","","Ali Baba Goes To Town","6.6","5.0"
"False","0","Trevor Morgan; Emmy Rossum; Charles Fleischer; Yannick Bisson; Peter Keleghan; Philip Granger","Family; Comedy; Drama","73527","","Genius","Charlie Boyle finds that even his high IQ can't solve all of his problems when he takes on a double life in order to make friends his own age.","0.364562","","","1999-08-29","0.0","82.0","English","Released","To fit in, genius Charlie Boyle added another side to himself","Genius","4.6","9.0"
"False","0","Lella Costa; Dario Fo; Lella Costa; Dario Fo; Alida Milana","Animation; Family; Foreign","52989","","La freccia azzurra","When Santa's helper La Befana falls ill and must take off a Christmas Eve, she recruits Scarafoni to help deliver all the toys. No one but the toys knows is that Scarafoni plans to auction off the toys to the highest bidder, which means the toys won't make it to the children who have been good all year and deserve them. The toys decide to deliver themselves, and the story follows them as they struggle to avoid the heartless Scarafoni and to find their true homes.","0.266335","Alpha-Film (II); Lanterna Magica; Monipoly Productions; Fama Film","Italy; Switzerland; Germany; Luxembourg","1996-12-05","0.0","92.0","Italiano","Released","","How the Toys Saved Christmas","6.8","18.0"
"False","75000000","Ben Stiller; Chris Rock; David Schwimmer; Jada Pinkett Smith; Sacha Baron Cohen; Paco León; Cedric the Entertainer; Andy Richter; Tom McGrath; Christopher Knights; Chris Miller; Conrad Vernon; Eric Darnell; David Cowgill; Elisa Gabrielli; Stephen Apostolina; Devika Parikh; David P. Smith; Cody Cameron; Bob Saget; Jeffrey Katzenberg","Family; Animation","953","lion; hippopotamus; giraffe; penguin; zebra","Madagascar","Zoo animals leave the comforts of man-made habitats for exotic adventure in this animated family film. After escaping from the zoo, four friends -- a lion, a hippo, a zebra and a giraffe -- are sent back to Africa. When their ship capsizes, stranding them on Madagascar, an island populated by crazy critters, the pals must adapt to jungle life and their new roles as wild animals.","16.136217","DreamWorks SKG; Pacific Data Images (PDI); DreamWorks Animation","United States of America","2005-05-25","532680671.0","86.0","English; Français; Português; Español; ภาษาไทย","Released","Someone's got a zoo loose.","Madagascar","6.6","3322.0"
"False","0","Guy Williams; Heidi Brühl; Pedro Armendáriz; Abraham Sofaer; Bernie Hamilton; Helmuth Schneider; Margaret Jahnen; Rolf Wanka","Family; Fantasy; Action; Adventure","41725","sinbad","Captain Sindbad","After completing his voyages Sindbad the Sailor and his hearty crew have come home to find a palace coup d'etat has occurred and his home city is being run by a brutal dictator played by Pedro Armendariz. He's got designs on the beautiful young princess, Heidi Bruhl both lustful and political.","0.951943","King Brothers Productions; Metro-Goldwyn-Mayer (MGM)","United States of America; Germany","1963-04-12","0.0","85.0","English","Released","Scimitars flash... danger flames... as adventure's mightiest hero dares his greatest conquest!","Captain Sindbad","5.2","6.0"
"False","18000000","Christopher Lloyd; Matt Clark; Juanin Clay; Jason Robards; John Bennett Perry; David Hayward; Richard Farnsworth; Marc Gilpin; John Hart; Klinton Spilsbury; Michael Horse; Lincoln Tate; Ted Flicker; Bonita Granville","Action; Adventure; Romance; Western","38665","lone ranger; wild bill hickok; buffalo bill; the lone ranger","The Legend of the Lone Ranger","When the young Texas Ranger, John Reid, is the sole survivor of an ambush arranged by the militaristic outlaw leader, Butch Cavendich, he is rescued by an old childhood Comanche friend, Tonto. When he recovers from his wounds, he dedicates his life to fighting the evil that Cavendich represents. To this end, John Reid becomes the great masked western hero, The Lone Ranger. With the help of Tonto, the pair go to rescue President Grant when Cavendich takes him hostage.","1.38292","ITC Entertainment","United States of America","1981-08-20","2945600.0","98.0","English","Released","The untold story of the man behind the mask, and the legend behind the man.","The Legend of the Lone Ranger","3.7","14.0"
"False","0","Ken Maynard; Evalyn Knapp; H.B. Warner; Kenneth Thomson; George 'Gabby' Hayes; Wheeler Oakman; George Burton; George Chesebro; Gene Autry; Smiley Burnette; Edward Hearn","Comedy; Crime; Romance; Western","182035","sheriff; horse; musician; cowboy; singing cowboy","In Old Santa Fe","Gangster Chandler and his accomplice Tracy arrive at a dude ranch. Cowboy Kentucky arrives at the same time. When Tracy double-crosses his boss and has the stage robbed, Kentucky finds the outlaws and brings them in. Tracy frames him for the murder of the driver but his pal Cactus gets him out of jail. He returns just as Chandler shoots Tracy and Kentucky finds himself arrested for another murder.","0.100442","Mascot Pictures","United States of America","1934-11-15","0.0","64.0","English","Released","An unusual and colorful western with music and a beautiful background.","In Old Santa Fe","0.0","0.0"
"False","0","Ken Maynard; Evalyn Knapp; H.B. Warner; Kenneth Thomson; George 'Gabby' Hayes; Wheeler Oakman; George Burton; George Chesebro; Gene Autry; Smiley Burnette; Edward Hearn","Comedy; Crime; Romance; Western","182035","sheriff; horse; musician; cowboy; singing cowboy","In Old Santa Fe","Gangster Chandler and his accomplice Tracy arrive at a dude ranch. Cowboy Kentucky arrives at the same time. When Tracy double-crosses his boss and has the stage robbed, Kentucky finds the outlaws and brings them in. Tracy frames him for the murder of the driver but his pal Cactus gets him out of jail. He returns just as Chandler shoots Tracy and Kentucky finds himself arrested for another murder.","0.100442","Mascot Pictures","United States of America","1934-11-15","0.0","64.0","English","Released","An unusual and colorful western with music and a beautiful background.","In Old Santa Fe","0.0","0.0"
"False","0","Mary-Kate Olsen; Ashley Olsen; Martin Mull","Drama; Family","50326","","How The West Was Fun","Twins Suzy and Jessica visit granny Natty's dude ranch in the Wild West. The ranch has too few paying visitors and granny may have to sell the ranch to evil developer Bart unless """"somebody"""" can help her. The twins also find the diary of their deceased mother.","2.725497","Green/Epstein Productions; Warner Bros. Television; American Broadcasting Company (ABC); Dualstar Productions","Canada","1994-11-19","0.0","96.0","English","Released","","How The West Was Fun","4.6","13.0"
"False","0","Jay North; Martin Milner; Andy Devine; Joyce Meadows; Jim Davis; Dorothy Green; Karen Green; Vaughn Taylor; Wayne Thomas","Comedy; Family","150247","zoo","Zebra in the Kitchen","A young boy lets the animals out of their cages at the Zoo, to set them free, but the animals start taking over the town.","0.132194","Metro-Goldwyn-Mayer (MGM)","United States of America","1965-06-01","0.0","92.0","English","Released","The crazy day the animals came out to play!","Zebra in the Kitchen","5.0","1.0"
"False","0","Alberto Dell'Acqua; Harry Baird; Beatrice Pella; Stelio Candelli; Dante Maggio; Ezio Marano; Lars Bloch; Carla Mancini","Western; Comedy","102959","spaghetti western; jail cell; double barreled shotgun","Trinità e Sartana figli di…","Sartana and Trinity set out on a grudging relationship hell bent for gold and comic brawls. - East West DVD sleeve","0.517359","Metheus Film","Italy","1972-05-30","0.0","103.0","Italiano","Released","","Trinity and Sartana Are Coming","5.0","1.0"
"False","0","Anastasiya Vertinskaya; Viktor Rakov; Valentin Gaft; Mikhail Ulyanov; Nikolay Burlyaev; Sergey Garmash; Viktor Pavlov; Aleksandr Filippenko; Vladimir Steklov; Vyacheslav Shalevich ; Spartak Mishulin; Lev Durov; Sergey Nikonenko; Igor Vernik; Aleksandra Zakharova; Amayak Akopyan; Borislav Brondukov; Mikhail Danilov; Yuri Duvanov; Valentin Golubenko; Lyudmila Ivanova; Vladimir Kashpur; Natalya Krachkovskaya; Leonid Kuravlyov; Igor Kvasha; Valeriy Nosik; Viktor Sergachyov; Yuriy Sherstnyov; Roman Tkachuk; Mariya Vinogradova; Vadim Zakharchenko; Leonid Kanevskiy; Mikhail Kozakov; Valentin Nikulin; Sergei Yursky","Drama; Mystery; Romance; Fantasy","63163","","Мастер и Маргарита","Master is a talented writer in Moscow working on a manuscript about the biblical Jesus and Pontius Pilate. Authorities in Moscow are harassing Master by surveillance and intimidation. Victimized by their harassment, Master throws his manuscript into the fire, before he is locked up in a mental clinic. His assistant and Muse Margarita tries to help Master using the supernatural powers she got from the devil - Woland who is visiting Moscow..","0.813845","Tvorcheskaya Assotsiatsiya Mezhdunarodnykh Programm","Russia","1994-06-06","0.0","128.0","Pусский","Released","Manuscripts don't burn","The Master and Margarita","5.6","6.0"
"False","84000000","Jamie Kennedy; Alan Cumming; Traylor Howard; Kal Penn; Steven Wright; Bob Hoskins; Ben Stein","Fantasy; Comedy; Family; Adventure","10214","baby; mask; viking","Son of the Mask","Tim Avery, an aspiring cartoonist, finds himself in a predicament when his dog stumbles upon the mask of Loki. Then after conceiving an infant son """"born of the mask"""", he discovers just how looney child raising can be.","6.512277","New Line Cinema; Pathé Distribution","Germany; United States of America","2005-02-18","0.0","94.0","English","Released","Who's next?","Son of the Mask","3.6","346.0"
"False","0","Basil Rathbone; Nigel Bruce; Alan Mowbray; Dennis Hoey; Renee Godfrey; Frederick Worlock; Mary Forbes; Skelton Knaggs; Billy Bevan; Geoffrey Steele","Adventure; Thriller; Crime; Mystery","20408","mathematics; sherlock holmes; mystery; playing gin; gin rummy","Terror by Night","Holmes is hired by Roland Carstairs to prevent the theft of the Star of Rhodesia, an enormous diamond owned by Carstairs' mother, Lady Margaret. Believing the diamond will be stolen on a train trip from London to Edinburgh, Holmes deftly switches diamonds with Lady Margaret while in her compartment. Soon after, Roland is murdered and the fake diamond is stolen.","4.660762","Universal Pictures","United States of America","1946-02-01","0.0","60.0","English","Released","One Way Ticket to DEATH..!","Terror by Night","6.6","27.0"
"False","0","James Cagney; Humphrey Bogart; Rosemary Lane; Donald Crisp; Harvey Stephens; Hugh Sothern; Charles Middleton; Edward Pawley; Ward Bond; Lew Harvey; Trevor Bardette; John Miljan; Arthur Aylesworth; Irving Bacon; Joe Devlin; Wade Boteler; Gene Alsace; Earl Askam; Don Barclay; Clem Bevans; Ed Brady; Al Bridge; Glen Cavender; Tom Chatterton; George Chesebro; Tex Cooper; Earl Dwire; Rosina Galli; Sam Garrett; Kit Guard; John Harron; Herbert Heywood; Stuart Holmes; Robert Homans; Al J. Jennings; Soledad Jiménez; Bob Kortman; George Lloyd; Jim Mason; Ray Mayer; Frank Mayo; Jack Mower; Horace Murphy; Harry Myers; Tex Phelps; George Regas; John J. Richardson; Joe Rickson; Cliff Saum; Jeffrey Sayre; Elliott Sullivan; Harry Tenbrook; Jack Tornek; Blackie Whiteford; Dan Wolheim","Western; History","39459","outlaw; murder; street shootout; salon","The Oklahoma Kid","McCord's gang robs the stage carrying money to pay Indians for their land, and the notorious outlaw """"The Oklahoma Kid"""" Jim Kincaid takes the money from McCord. McCord stakes a """"sooner"""" claim on land which is to be used for a new town; in exchange for giving it up he gets control of gambling and saloons. When Kincaid's father runs for mayor, McCord incites a mob to lynch the old man whom McCord has already framed for murder.","0.894215","Warner Bros.","United States of America","1939-03-11","0.0","85.0","English","Released","Greater Than """"Cimarron"""" - Packed with Thrills - Loaded with Action . . . As an Exciting page from American history is unfolded upon the screen !","The Oklahoma Kid","5.7","5.0"
"False","1500000","James Stewart; John Dall; Farley Granger; Constance Collier; Douglas Dick; Edith Evanson; Dick Hogan; Joan Chandler; Cedric Hardwicke","Crime; Drama; Mystery; Thriller","1580","planned murder; banquet; victim of murder; footlocker; strangle; rope; suspense; based on play or musical; long take","Rope","Two young men strangle their """"inferior"""" classmate, hide his body in their apartment, and invite his friends and family to a dinner party as a means to challenge the """"perfection"""" of their crime.","7.248676","Transatlantic Pictures; Warner Bros.; Metro-Goldwyn-Mayer (MGM)","United States of America","1948-08-23","2200000.0","80.0","English","Released","","Rope","7.8","539.0"
"False","0","Audrey Hepburn; Ben Gazzara; Patti Hansen; John Ritter; Dorothy Stratten; Blaine Novak; Colleen Camp; Glenn Scarpelli; Vassili Lambrinos","Drama; Comedy; Thriller; Mystery; Romance","31921","","They All Laughed","A mad cap private-eye caper about a team of detectives who are following, and are being followed by, a group of beautiful women.","1.718048","","United States of America","1981-01-01","0.0","115.0","English","Released","Some of them promised they'd never fall in love.","They All Laughed","5.5","11.0"
"False","0","Jasna Fritzi Bauer; Victoria Trauttmansdorff; Waldemar Kobus; Stefan Kurt; Renate Delfs; Falk Rockstroh; Katja Liebing; Traute Hoess; Nora Tschirner; Neil Malik Abdullah; André Erkau; Stefan Lampadius; Thorsten Loeb; Stefan Preiss; Jörg Reimers; Jürgen Rißmann; Carole Schmitt; Gabriele Schulze; Christian Tasche; Andreas Windhuis","Comedy; Drama; Family","70757","grandmother granddaughter relationship; tourette syndrome; uncle niece relationship","Ein Tick anders","Eva lives a happy life with her ​​father, an unsuccessful but always optimistic car salesman, her consumerist mother, and her quirky grandmother. But Eva is a tad different - she suffers from Tourette's syndrome. Her family has long been accustomed to her tics and the accompanying insults and bullying, and Eva has come to grips with her role as an outsider. When her father gets a job offer to work in Berlin, they must suddenly leave their familiar surroundings. But Eva won't have it, this move must be prevented - at any price!","0.993068","ARTE; Norddeutscher Rundfunk (NDR)","Germany","2011-07-07","0.0","92.0","Deutsch","Released","","Alive and Ticking","6.2","18.0"
"False","0","Andy Weiss; Connor Synder; Geneve Rupert; Chris McGurrin; Damon Schoeffler","Family","85580","woman director","Flyin' Ryan","When twelve-year-old Ryan is forced to move to a new town, he soon discovers the kids there are mean and tough. And they really don't like strangers. But when they steal his dog Theo, Ryan is given a strange pair of magical shoes and finds that the sky's the limit.","0.003331","","United States of America","2003-04-30","0.0","84.0","English","Released","The sky's the limit!","Flyin' Ryan","0.0","0.0"
"False","0","Briana Evigan; Paul Campbell; Jacqueline Samuda; Greg Evigan; Tony Alcantar; Jay Brazeau; Tara Wilson","Family; Romance; TV Movie","363482","princess; christmas","Once Upon A Holiday","When an actual, honest-to-goodness royal princess runs off from her official obligations and duties for a couple of days to see how the other half lives, she winds up falling for a good Samaritan who is unaware of her real identity during the holiday season. Will her true love still feel the same way once he learns the truth?","1.617017","","","2015-11-25","0.0","84.0","English; Español","Released","","Once Upon A Holiday","5.9","22.0"
"False","0","Rita Christiani; Maya Deren; Anaïs Nin; Frank Westbrook; Gore Vidal","Mystery","105711","dance; woman director; short","Ritual in Transfigured Time","A social event choreographed in the manner of a dance, illuminated by concepts drawn from Greek legend; one of filmmaker Maya Deren’s most intriguing works.","0.764136","","United States of America","1946-01-01","0.0","15.0","No Language","Released","","Ritual in Transfigured Time","7.8","12.0"
"False","0","Shirley Temple; Jean Hersholt; Mary Nash; Marcia Mae Jones; Arthur Treacher; Mady Christians; Thomas Beck; Helen Westley; Delmar Watson; Sidney Blackmer; Pauline Moore; Egon Brecher; Christian Rub; George Humbert; Sig Ruman; Bodil Rosing; Dorothy Vernon","Drama; Family; Music","28345","gypsy; butler; grandfather; love; mansion; police arrest; governess; companion; goats; christmas; snow globe; frankfurt; crippled child; kidnapped; orphan girl; wicked woman; caroling; german alps; sleigh ride; organ grinder's monkey; alpine cabin","Heidi","Heidi is orphaned and her uncaring maternal Aunt Dete takes her to the mountains to live with her reclusive, grumpy paternal grandfather, Adolph Kramer. Heidi brings her grandfather back into mountain society through her sweet ways and sheer love. When Dete later returns and steals Heidi away to become the companion of a rich man's wheelchair-bound daughter, the grandfather is heartsick to discover his little girl missing and immediately sets out to get her back.","1.396","Twentieth Century Fox Film Corporation","United States of America","1937-10-15","0.0","88.0","English","Released","Shirley's A Little Swiss Miss In The Loveliest Story of Her Career !","Heidi","7.2","22.0"
"False","30000000","Rachel McAdams; Noomi Rapace; Karoline Herfurth; Paul Anderson; Rainer Bock; Benjamin Sadler; Dominic Raacke; Ian T. Dickinson; Frank Witter; Leila Rozario; Alexander Yassin","Thriller; Drama; Crime; Mystery","109099","dream; blackmail; talent; nudity; seduction; boss; remake; rivalry; murder; lesbian; advertising; humiliation; drunk; agency","Passion","The rivalry between the manipulative boss of an advertising agency and her talented protégée escalates from stealing credit to public humiliation to murder.","10.260026","France 2 Cinéma; Integral Film; Canal+; SBS Productions","Germany; Spain; France; United Kingdom","2012-09-07","0.0","100.0","English; Deutsch","Released","No backstabbing. Just business","Passion","5.1","146.0"
"False","0","Humphrey Bogart; Lauren Bacall; John Ridgely; Martha Vickers; Dorothy Malone; Peggy Knudsen; Charles Waldron; Regis Toomey; Charles D. Brown; Elisha Cook Jr.; Louis Jean Heydt; Bob Steele; Sonia Darrin","Crime; Drama; Mystery; Thriller","910","poison; gambling; detective; suspense; los angeles; drug; classic noir; private detective; book store; philip marlowe; missing person; film noir","The Big Sleep","Private Detective Philip Marlowe is hired by a rich family. Before the complex case is over, he's seen murder, blackmail, and what might be love.","6.987617","Warner Bros.","United States of America","1946-08-23","0.0","116.0","English","Released","The picture they were born for!","The Big Sleep","7.6","244.0"
"False","22000000","Julianne Moore; Jonathan Rhys Meyers; Jeffrey DeMunn; Frances Conroy; Nate Corddry; Brooklynn Proulx; Brian Anthony Wilson; Joyce Feurring; Steven Rishard; Charles Techman; John Peakes; Michale Graves; Chaz Moneypenny; Charles David Richards; Rick Applegate; Loretta Higgins; Tamara Johnson; James Howard; David Dale McCue; Irene Ziegler; William Kania; Giovanna Yannotti; Stephanie Macdougall; Jules Sylvester","Horror; Mystery; Thriller","41505","soul; faith; supernatural; murder; fear; psychiatrist; surgery; catholicism; multiple personality; flashback","Shelter","A female forensic psychiatrist discovers that all of one of her patient's multiple personalities are murder victims. She will have to find out what's happening before her time is finished.","11.634377","NALA Films; IM Global; Maraci/Edelstein Films; Shelter Productions","United States of America","2010-03-27","851517.0","112.0","English","Released","Evil will rise.","Shelter","5.7","213.0"
"False","0","Tara Strong; Ashleigh Ball; Andrea Libman; Tabitha St. Germain; Cathy Weseluck; Nicole Oliver; Nicole Oliver; Claire Corlett; Richard Ian Cox; Michelle Creber; Britt McKillip; Peter New; Madeleine Peters; Lee Tockar","Animation; Comedy; Family; Fantasy; Music","201676","magic; pony; friendship; high school; pegasus; princess; crown; prom; based on toy; good vs evil; based on tv series; another dimension; girl; unicorn; prom queen; adaptation; human; quest","My Little Pony: Equestria Girls","Via a magic mirror, Twilight Sparkle travels into an alternate universe in order to recover a crown that was stolen from the Crystal Empire. Upon her arrival she is horrified to learn that she has turned into a human.","8.353231","Hasbro; DHX Media","United States of America","2013-06-15","0.0","72.0","English","Released","The magic of friendship never changes.","My Little Pony: Equestria Girls","7.1","41.0"
"False","0","Eric Portman; Edana Romney; Barbara Mullen; Hugh Sinclair; Bruce Belfrage; Alan Wheatley; Joan Maude; Leslie Weston; Hugh Latimer; John Penrose; Christopher Lee; Lois Maxwell; Mavis Villiers; Thora Hird","Drama; Fantasy; Mystery; Romance; Thriller","27112","artist; painting","Corridor of Mirrors","A man falls in love with a beautiful young woman and begins to suspect that he may have also loved her in a previous life.","0.482651","Apollo Films","","1948-07-24","0.0","105.0","English","Released","","Corridor of Mirrors","5.1","3.0"
"False","0","Franco Nero; Christopher Connelly; Licinia Lentini; William Berger; Roberto Posse; Donald Pleasence; Alessandro Di Chio; Rodrigo Obregón; Micky; Bill Moore; Consuelo Reina","Western","77079","spaghetti western; django","Django 2: il grande ritorno","Former gunfighter Django has become a monk and abandoned his violent former ways. His daughter is kidnapped by rogue Hungarian soldiers using slave labor to run a silver mine. Django casts off his habit and digs up his machine gun to practice a little liberation theology.","0.540326","Reteitalia; Dania Film; National Cinematografica; Filmes International","Italy","1987-10-22","0.0","96.0","English; Italiano; Español","Released","Forget Young Guns. Here comes the BIG GUN.","Django Strikes Again","4.6","4.0"
"False","0","Pierre Grasset; Christiane Eudes; Ginger Hall; Jean-Pierre Melville","Crime; Drama; Mystery; Thriller","27061","new york; french noir","Deux hommes dans Manhattan","Two French journalists become embroiled in a criminal plot in New York City involving a disappeared United Nations diplomat.","0.726282","","France","1959-10-16","0.0","84.0","English; Français","Released","","Two Men in Manhattan","6.5","12.0"
"False","0","Alan Cumming; Sean Bean; David Thewlis; Jim Carter; Peter Davison; Alun Armstrong; John McEnery; Eleanor Bron; Peter Cook; Georgina Armstrong; Adrian Ross Magenty; Anthony Walters; Gemma Paternoster; Andrew Knott; David Ryall; Vic Armstrong; Vincent Regan; Matthew Scurfield; Sean Blowers; Rupert Penry-Jones","Action; Adventure; Drama; Family","14522","horse; country life; woman director","Black Beauty","The fates of horses, and the people who own and command them, are revealed as Black Beauty narrates the circle of his life.","8.398845","Warner Bros.","United Kingdom; United States of America","1994-07-29","0.0","88.0","English","Released","","Black Beauty","6.6","68.0"
"False","0","Ferec Bandi; Józsefné Rácz; Ági Margitai","Crime; Drama; Foreign; Mystery","35848","mystery; independent film; criminal","Hukkle","Using almost no dialogue, the film follows a number of residents (both human and animal) of a small rural community in Hungary - an old man with hiccups, a shepherdess and her sheep, an old woman who may or may not be up to no good, some folk-singers at a wedding, etc. While most of the film is a series of vignettes, there is a sinister and often barely perceptible subplot involving murder.","0.656484","","Hungary","2002-10-24","0.0","78.0","Český; Magyar","Released","","Hukkle","6.6","16.0"
"False","0","Johnny Whitaker; Celeste Holm; Warren Oates; Jeff East; Jodie Foster; Lucille Benson; Henry Jones; Noah Keen; Dub Taylor; Richard Eastham; Sandy Kenyon; Joshua Hill Lewis; Susan Joyce; Steve Hogg; Sean Summers; Kevin Jefferson; Page Williams; James A. Kuhn; Mark Lynch; Mark Lynch; Anne Voss; Kunu Hank","Family; Music","42473","","Tom Sawyer","Tom Sawyer and his pal Huckleberry Finn have great adventures on the Mississippi River, pretending to be pirates, attending their own funeral, and witnessing a murder.","1.490174","United Artists","United States of America","1973-01-01","0.0","103.0","English","Rumored","","Tom Sawyer","6.3","21.0"
"False","0","Dennis Quaid; Sharon Stone; Stephen Dorff; Juliette Lewis; Kristen Stewart; Ryan Wilson; Dana Eskelson; Christopher Plummer","Mystery; Thriller","12767","country house; independent film","Cold Creek Manor","Wanting to escape city life for the countryside, New Yorkers Cooper Tilson (Quaid), his wife Leah (Stone) and their two children move into a dilapidated old mansion still filled with the possessions of the previous family. Turning it into their dream house soon becomes a living nightmare when the previous owner (Dorff) shows up, and a series of terrifying incidents lead them on a spine-tingling search for clues to the estate's dark and lurid past","5.84474","Touchstone Pictures","Canada; United Kingdom; United States of America","2003-09-19","21384035.0","118.0","English","Released","The perfect house hides the perfect crime.","Cold Creek Manor","4.9","114.0"
